,WhPerMile,kWhRequested,milesRequested,minutesAvailable,paymentRequired,userID,Modified,Departure
0,400,20.0,50,59,True,6140,2020-02-10 20:55:44+00:00,2020-02-10 21:53:47+00:00
1,400,68.0,170,59,True,6140,2020-02-10 20:56:22+00:00,2020-02-10 21:53:47+00:00
2,400,72.0,180,238,True,6140,2020-02-10 21:03:35+00:00,2020-02-11 00:52:47+00:00
3,400,75.2,188,444,True,6140,2020-02-10 21:03:52+00:00,2020-02-11 04:18:47+00:00
4,400,75.2,188,514,True,6140,2020-02-11 04:44:50+00:00,2020-02-11 05:28:47+00:00
5,400,75.2,188,514,True,6140,2020-02-11 04:45:09+00:00,2020-02-11 05:28:47+00:00
6,350,7.0,20,471,True,6062,2020-02-11 16:59:11+00:00,2020-02-11 23:37:05+00:00
7,350,7.0,20,471,True,6062,2020-02-11 20:25:34+00:00,2020-02-11 23:37:05+00:00
8,250,25.0,100,60,True,6171,2020-02-11 18:36:11+00:00,2020-02-11 19:26:55+00:00
9,250,25.0,100,394,True,6171,2020-02-11 18:37:50+00:00,2020-02-12 01:00:55+00:00
10,250,37.5,150,61,True,6171,2020-02-11 18:38:10+00:00,2020-02-11 19:27:55+00:00
11,250,37.5,150,402,True,6171,2020-02-11 18:39:20+00:00,2020-02-12 01:08:55+00:00
12,250,37.5,150,371,True,6171,2020-02-11 18:41:58+00:00,2020-02-12 00:37:55+00:00
13,250,52.5,210,284,True,6171,2020-02-11 22:20:34+00:00,2020-02-11 23:10:55+00:00
14,250,52.5,210,373,True,6171,2020-02-11 23:50:34+00:00,2020-02-12 00:39:55+00:00
15,350,7.0,20,405,True,6062,2020-02-12 18:05:16+00:00,2020-02-12 22:06:31+00:00
16,400,12.0,30,386,True,4400,2020-02-12 18:40:51+00:00,2020-02-13 01:02:30+00:00
17,250,35.0,140,373,True,6171,2020-02-12 18:46:44+00:00,2020-02-13 00:58:46+00:00
18,400,40.0,100,113,True,6189,2020-02-12 23:36:47+00:00,2020-02-12 21:34:58+00:00
19,400,16.0,40,345,True,6038,2020-02-12 22:29:26+00:00,2020-02-13 04:13:59+00:00
20,400,16.0,40,345,True,6038,2020-02-12 22:30:09+00:00,2020-02-13 04:13:59+00:00
21,400,16.0,40,345,True,6038,2020-02-12 23:45:05+00:00,2020-02-13 04:13:59+00:00
22,400,16.0,40,345,True,6038,2020-02-13 14:55:42+00:00,2020-02-13 20:39:53+00:00
23,400,16.0,40,412,True,6038,2020-02-13 14:56:48+00:00,2020-02-13 21:46:53+00:00
24,400,40.0,100,410,True,3618,2020-02-13 15:36:18+00:00,2020-02-13 22:25:57+00:00
25,400,40.0,100,382,True,6189,2020-02-13 19:24:52+00:00,2020-02-14 01:46:29+00:00
26,400,40.0,100,332,True,6189,2020-02-13 19:24:59+00:00,2020-02-14 00:56:29+00:00
27,350,7.0,20,258,True,6062,2020-02-14 21:01:48+00:00,2020-02-14 20:25:02+00:00
28,400,40.0,100,418,True,6189,2020-02-14 19:27:21+00:00,2020-02-15 02:24:57+00:00
29,400,40.0,100,347,True,6189,2020-02-14 19:28:00+00:00,2020-02-15 01:13:57+00:00
30,400,40.0,100,347,True,6189,2020-02-17 19:34:49+00:00,2020-02-18 01:21:32+00:00
31,350,7.0,20,258,True,6062,2020-02-19 15:39:27+00:00,2020-02-19 19:45:55+00:00
32,400,40.0,100,387,True,3618,2020-02-19 17:50:42+00:00,2020-02-20 00:17:23+00:00
33,400,40.0,100,1000,True,3618,2020-02-20 01:19:21+00:00,2020-02-20 10:30:23+00:00
34,400,40.0,100,347,True,6189,2020-02-19 19:27:43+00:00,2020-02-20 01:14:33+00:00
35,350,7.0,20,258,True,6062,2020-02-20 15:48:16+00:00,2020-02-20 19:51:50+00:00
36,396,51.48,130,416,True,6297,2020-02-20 17:21:21+00:00,2020-02-21 00:04:26+00:00
37,396,79.2,200,75,True,6297,2020-02-20 17:37:55+00:00,2020-02-20 18:23:26+00:00
38,396,79.2,200,81,True,6297,2020-02-20 17:43:53+00:00,2020-02-20 18:29:26+00:00
39,298,59.6,200,82,True,6297,2020-02-20 17:48:41+00:00,2020-02-20 18:30:26+00:00
40,400,40.0,100,402,True,3618,2020-02-20 18:08:02+00:00,2020-02-21 00:49:40+00:00
41,400,40.0,100,347,True,6189,2020-02-20 19:50:23+00:00,2020-02-21 01:37:12+00:00
42,350,7.0,20,262,True,6062,2020-02-21 16:15:15+00:00,2020-02-21 20:22:33+00:00
43,400,40.0,100,347,True,6189,2020-02-21 19:52:36+00:00,2020-02-22 01:39:14+00:00
44,400,40.0,100,402,True,3618,2020-02-21 21:09:18+00:00,2020-02-22 03:51:06+00:00
45,350,7.0,20,262,True,6062,2020-02-24 16:04:09+00:00,2020-02-24 20:21:06+00:00
46,500,15.0,30,103,True,4400,2020-02-24 17:02:34+00:00,2020-02-24 18:44:31+00:00
47,250,35.0,140,428,True,6171,2020-02-24 17:46:42+00:00,2020-02-25 00:54:42+00:00
48,400,40.0,100,347,True,6189,2020-02-24 19:29:55+00:00,2020-02-25 01:16:41+00:00
49,350,7.0,20,262,True,6062,2020-02-25 15:34:30+00:00,2020-02-25 19:46:48+00:00
50,400,40.0,100,402,True,3618,2020-02-25 15:50:29+00:00,2020-02-25 22:32:16+00:00
51,344,41.28,120,402,True,3618,2020-02-25 15:52:02+00:00,2020-02-25 22:32:16+00:00
52,500,15.0,30,103,True,4400,2020-02-25 16:48:54+00:00,2020-02-25 18:31:22+00:00
53,298,5.96,20,82,True,6297,2020-02-25 22:21:49+00:00,2020-02-25 23:39:39+00:00
54,298,5.96,20,82,True,6297,2020-02-25 22:22:09+00:00,2020-02-25 23:39:39+00:00
55,298,41.72,140,114,True,6297,2020-02-25 22:22:35+00:00,2020-02-26 00:11:39+00:00
56,298,65.56,220,125,True,6297,2020-02-25 23:27:19+00:00,2020-02-26 00:22:39+00:00
57,400,40.0,100,347,True,6189,2020-02-26 19:45:52+00:00,2020-02-27 01:32:50+00:00
58,298,53.64,180,125,True,6297,2020-02-27 00:28:02+00:00,2020-02-26 23:17:14+00:00
59,298,53.64,180,125,True,6297,2020-02-27 00:28:21+00:00,2020-02-26 23:17:14+00:00
60,350,7.0,20,262,True,6062,2020-02-27 15:17:36+00:00,2020-02-27 19:33:55+00:00
61,350,7.0,20,275,True,6062,2020-02-27 15:31:29+00:00,2020-02-27 19:46:55+00:00
62,400,24.0,60,412,True,6038,2020-02-27 16:00:23+00:00,2020-02-27 22:51:48+00:00
63,500,15.0,30,103,True,4400,2020-02-27 17:25:48+00:00,2020-02-27 19:06:56+00:00
64,298,53.64,180,125,True,6297,2020-02-27 18:43:05+00:00,2020-02-27 20:47:40+00:00
65,298,26.82,90,386,True,6297,2020-02-28 00:09:47+00:00,2020-02-28 01:08:40+00:00
66,298,75.99,255,387,True,6297,2020-02-28 00:10:22+00:00,2020-02-28 01:09:40+00:00
67,344,34.4,100,326,True,3618,2020-02-27 19:11:23+00:00,2020-02-28 00:36:56+00:00
68,400,40.0,100,347,True,6189,2020-02-27 19:46:20+00:00,2020-02-28 01:33:06+00:00
69,400,32.0,80,412,True,6038,2020-02-28 14:55:27+00:00,2020-02-28 21:46:16+00:00
70,350,7.0,20,275,True,6062,2020-02-28 15:59:52+00:00,2020-02-28 20:23:50+00:00
71,298,5.96,20,387,True,6297,2020-02-28 17:35:50+00:00,2020-02-29 00:02:09+00:00
72,400,40.0,100,347,True,6189,2020-02-28 19:41:01+00:00,2020-02-29 01:27:51+00:00
73,344,61.92,180,585,True,3618,2020-03-02 15:37:05+00:00,2020-03-03 01:21:42+00:00
74,350,7.0,20,275,True,6062,2020-03-02 16:52:29+00:00,2020-03-02 20:52:04+00:00
75,250,42.5,170,428,True,6171,2020-03-02 18:05:51+00:00,2020-03-03 01:13:09+00:00
76,400,24.0,60,412,True,6038,2020-03-02 18:52:15+00:00,2020-03-03 01:43:53+00:00
77,400,40.0,100,347,True,6189,2020-03-02 19:45:37+00:00,2020-03-03 01:32:22+00:00
78,350,7.0,20,275,True,6062,2020-03-03 19:26:59+00:00,2020-03-03 20:03:27+00:00
79,298,56.62,190,387,True,6297,2020-03-03 19:56:44+00:00,2020-03-04 02:23:09+00:00
80,500,15.0,30,103,True,4400,2020-03-04 00:08:44+00:00,2020-03-04 01:51:45+00:00
81,400,24.0,60,412,True,6038,2020-03-04 14:57:22+00:00,2020-03-04 21:49:18+00:00
82,350,7.0,20,275,True,6062,2020-03-04 20:04:12+00:00,2020-03-04 20:57:14+00:00
83,400,40.0,100,347,True,6189,2020-03-04 19:36:38+00:00,2020-03-05 01:23:14+00:00
84,400,24.0,60,412,True,6038,2020-03-05 14:46:12+00:00,2020-03-05 21:37:49+00:00
85,350,7.0,20,275,True,6062,2020-03-05 15:50:42+00:00,2020-03-05 20:09:54+00:00
86,350,7.0,20,408,True,6062,2020-03-05 18:04:24+00:00,2020-03-05 22:22:54+00:00
87,400,40.0,100,347,True,6189,2020-03-05 19:43:31+00:00,2020-03-06 01:30:15+00:00
88,400,40.0,100,347,True,6189,2020-03-05 19:44:33+00:00,2020-03-06 01:30:15+00:00
89,276,33.12,120,368,True,3618,2020-03-05 19:47:27+00:00,2020-03-06 01:54:30+00:00
90,400,24.0,60,412,True,6038,2020-03-06 15:02:30+00:00,2020-03-06 21:53:43+00:00
91,276,57.96,210,540,True,3618,2020-03-06 15:36:54+00:00,2020-03-07 00:36:23+00:00
92,350,7.0,20,408,True,6062,2020-03-06 18:46:19+00:00,2020-03-06 22:52:45+00:00
93,500,15.0,30,103,True,4400,2020-03-06 17:00:39+00:00,2020-03-06 18:43:17+00:00
94,267,5.34,20,60,True,6429,2020-03-06 17:56:01+00:00,2020-03-06 18:55:27+00:00
95,400,40.0,100,347,True,6189,2020-03-06 20:00:20+00:00,2020-03-07 01:47:00+00:00
96,350,7.0,20,408,True,6062,2020-03-09 16:07:35+00:00,2020-03-09 22:51:14+00:00
97,250,42.5,170,428,True,6171,2020-03-09 17:35:25+00:00,2020-03-10 00:42:19+00:00
98,250,25.0,100,266,True,6189,2020-03-09 19:16:29+00:00,2020-03-09 23:05:30+00:00
99,600,60.0,100,287,True,6189,2020-03-09 23:33:54+00:00,2020-03-09 23:26:30+00:00
100,400,48.0,120,412,True,6038,2020-03-10 17:45:30+00:00,2020-03-11 00:36:32+00:00
101,250,60.0,240,514,True,6171,2020-03-10 19:01:44+00:00,2020-03-11 03:34:01+00:00
102,400,12.0,30,154,True,6620,2020-03-10 21:40:59+00:00,2020-03-11 00:14:46+00:00
103,350,7.0,20,408,True,6062,2020-03-11 15:32:39+00:00,2020-03-11 22:14:51+00:00
104,400,48.0,120,412,True,6038,2020-03-11 15:46:42+00:00,2020-03-11 22:38:19+00:00
105,600,36.0,60,287,True,6189,2020-03-11 18:36:04+00:00,2020-03-11 23:22:27+00:00
106,350,7.0,20,408,True,6062,2020-03-12 14:47:52+00:00,2020-03-12 21:31:19+00:00
107,400,16.0,40,447,True,6620,2020-03-12 15:29:25+00:00,2020-03-12 22:55:11+00:00
108,400,32.0,80,249,True,6038,2020-03-12 21:59:34+00:00,2020-03-13 02:05:57+00:00
109,400,32.0,80,65,True,6038,2020-03-12 22:00:24+00:00,2020-03-12 23:01:57+00:00
110,400,32.0,80,65,True,6038,2020-03-13 13:54:12+00:00,2020-03-13 14:58:30+00:00
111,350,7.0,20,408,True,6062,2020-03-13 14:57:03+00:00,2020-03-13 21:38:09+00:00
112,400,16.0,40,305,True,6620,2020-03-13 18:22:28+00:00,2020-03-13 23:27:10+00:00
113,250,42.5,170,514,True,6171,2020-03-13 18:22:23+00:00,2020-03-14 02:56:24+00:00
114,600,36.0,60,244,True,6189,2020-03-13 19:08:23+00:00,2020-03-13 23:12:02+00:00
115,400,16.0,40,305,True,6620,2020-03-16 15:12:40+00:00,2020-03-16 20:17:17+00:00
116,350,7.0,20,408,True,6062,2020-03-16 20:09:20+00:00,2020-03-16 23:13:36+00:00
117,250,42.5,170,514,True,6171,2020-03-17 01:45:04+00:00,2020-03-17 10:18:51+00:00
118,400,32.0,80,65,True,6038,2020-03-17 15:13:07+00:00,2020-03-17 16:17:55+00:00
119,400,20.0,50,306,True,6620,2020-03-18 14:56:32+00:00,2020-03-18 19:50:46+00:00
120,400,20.0,50,509,True,6620,2020-03-18 14:58:03+00:00,2020-03-18 23:13:46+00:00
121,400,20.0,50,509,True,6620,2020-03-23 20:49:57+00:00,2020-03-24 05:18:57+00:00
122,400,20.0,50,509,True,6620,2020-03-24 17:46:29+00:00,2020-03-25 02:15:17+00:00
123,400,20.0,50,509,True,6620,2020-03-26 14:58:51+00:00,2020-03-26 23:27:40+00:00
124,400,20.0,50,509,True,6620,2020-03-30 15:33:22+00:00,2020-03-31 00:01:21+00:00
125,400,20.0,50,509,True,6620,2020-03-31 17:03:09+00:00,2020-04-01 01:31:40+00:00
126,400,20.0,50,509,True,6620,2020-04-01 16:39:57+00:00,2020-04-02 01:08:41+00:00
127,400,20.0,50,509,True,6620,2020-04-03 14:25:06+00:00,2020-04-03 22:53:22+00:00
128,400,20.0,50,509,True,6620,2020-04-07 15:44:15+00:00,2020-04-08 00:12:55+00:00
129,400,20.0,50,509,True,6620,2020-04-08 15:26:22+00:00,2020-04-08 23:55:02+00:00
130,400,20.0,50,509,True,6620,2020-04-09 15:16:14+00:00,2020-04-09 23:44:52+00:00
131,400,20.0,50,509,True,6620,2020-04-13 15:43:43+00:00,2020-04-14 00:12:30+00:00
132,400,20.0,50,509,True,6620,2020-04-14 18:11:43+00:00,2020-04-15 02:39:02+00:00
133,400,20.0,50,509,True,6620,2020-04-15 14:36:04+00:00,2020-04-15 23:04:47+00:00
134,400,20.0,50,509,True,6620,2020-04-16 16:47:27+00:00,2020-04-17 01:16:05+00:00
135,400,20.0,50,509,True,6620,2020-04-20 15:55:39+00:00,2020-04-21 00:24:17+00:00
136,400,20.0,50,509,True,6620,2020-04-22 15:53:13+00:00,2020-04-23 00:22:14+00:00
137,400,20.0,50,509,True,6620,2020-04-24 15:40:18+00:00,2020-04-25 00:08:57+00:00
138,400,75.2,188,514,True,6140,2020-04-24 21:53:24+00:00,2020-04-25 06:27:17+00:00
139,400,24.0,60,509,True,6620,2020-04-27 15:21:22+00:00,2020-04-27 23:50:07+00:00
140,400,24.0,60,509,True,6620,2020-04-30 15:32:46+00:00,2020-05-01 00:01:29+00:00
141,400,24.0,60,509,True,6620,2020-05-04 15:48:14+00:00,2020-05-05 00:17:03+00:00
142,400,24.0,60,509,True,6620,2020-05-07 15:27:17+00:00,2020-05-07 23:55:35+00:00
143,400,75.2,188,514,True,6140,2020-05-08 18:15:12+00:00,2020-05-09 02:48:41+00:00
144,400,24.0,60,509,True,6620,2020-05-08 18:18:44+00:00,2020-05-09 02:47:28+00:00
145,250,50.0,200,542,True,6171,2020-05-12 00:20:05+00:00,2020-05-12 09:21:50+00:00
146,400,24.0,60,509,True,6620,2020-05-12 15:44:06+00:00,2020-05-13 00:12:51+00:00
147,400,24.0,60,509,True,6620,2020-05-12 23:58:15+00:00,2020-05-13 00:12:51+00:00
148,400,24.0,60,509,True,6620,2020-05-13 17:54:38+00:00,2020-05-14 02:23:14+00:00
149,400,24.0,60,509,True,6620,2020-05-15 15:40:41+00:00,2020-05-16 00:09:03+00:00
150,400,75.2,188,514,True,6140,2020-05-15 20:23:11+00:00,2020-05-16 04:56:52+00:00
151,400,24.0,60,509,True,6620,2020-05-19 15:47:54+00:00,2020-05-20 00:16:33+00:00
152,400,24.0,60,509,True,6620,2020-05-20 14:42:46+00:00,2020-05-20 23:11:38+00:00
153,400,24.0,60,509,True,6620,2020-05-22 15:20:20+00:00,2020-05-22 23:49:14+00:00
154,400,75.2,188,514,True,6140,2020-05-22 17:05:31+00:00,2020-05-23 01:39:12+00:00
155,400,75.2,188,514,True,6140,2020-05-23 00:18:33+00:00,2020-05-23 01:39:12+00:00
156,400,24.0,60,509,True,6620,2020-05-26 15:49:03+00:00,2020-05-27 00:17:49+00:00
157,400,75.2,188,514,True,6140,2020-05-26 20:47:08+00:00,2020-05-27 05:20:32+00:00
158,400,75.2,188,514,True,6140,2020-05-26 22:16:07+00:00,2020-05-27 05:20:32+00:00
159,400,24.0,60,509,True,6620,2020-05-28 15:23:03+00:00,2020-05-28 23:51:49+00:00
160,400,32.0,80,65,True,6038,2020-05-28 15:47:46+00:00,2020-05-28 16:51:31+00:00
161,400,24.0,60,509,True,6620,2020-05-29 17:03:29+00:00,2020-05-30 01:32:21+00:00
162,400,75.2,188,514,True,6140,2020-05-29 19:07:39+00:00,2020-05-30 03:41:39+00:00
163,400,75.2,188,514,True,6140,2020-05-30 02:41:06+00:00,2020-05-30 03:41:39+00:00
164,400,24.0,60,509,True,6620,2020-06-03 15:20:43+00:00,2020-06-03 23:49:28+00:00
165,400,24.0,60,307,True,6620,2020-06-04 18:18:17+00:00,2020-06-04 23:25:00+00:00
166,400,28.0,70,418,True,6620,2020-06-10 15:34:23+00:00,2020-06-10 22:32:01+00:00
167,400,28.0,70,418,True,6620,2020-06-11 16:15:57+00:00,2020-06-11 23:13:43+00:00
168,400,28.0,70,418,True,6620,2020-06-12 18:30:55+00:00,2020-06-13 01:28:46+00:00
169,400,75.2,188,514,True,6140,2020-06-12 19:14:41+00:00,2020-06-13 03:48:41+00:00
170,400,75.2,188,514,True,6140,2020-06-13 04:45:45+00:00,2020-06-13 03:48:41+00:00
171,400,28.0,70,418,True,6620,2020-06-15 15:31:54+00:00,2020-06-15 22:29:40+00:00
172,400,28.0,70,418,True,6620,2020-06-16 18:39:31+00:00,2020-06-17 01:37:15+00:00
173,400,28.0,70,418,True,6620,2020-06-18 14:43:56+00:00,2020-06-18 21:41:20+00:00
174,400,28.0,70,418,True,6620,2020-06-19 16:35:29+00:00,2020-06-19 23:33:16+00:00
175,1428,114.24,80,360,True,6620,2020-06-22 17:54:34+00:00,2020-06-22 22:03:36+00:00
176,1428,114.24,80,360,True,6620,2020-06-22 19:09:15+00:00,2020-06-22 22:03:36+00:00
177,258,25.8,100,480,True,6140,2020-06-23 01:02:50+00:00,2020-06-23 09:02:50+00:00
178,258,25.8,100,480,True,6140,2020-06-26 02:53:26+00:00,2020-06-23 09:02:50+00:00
179,1428,114.24,80,360,True,6620,2020-06-24 15:32:12+00:00,2020-06-24 21:32:01+00:00
180,1428,114.24,80,360,True,6620,2020-06-25 16:21:39+00:00,2020-06-25 22:21:29+00:00
181,1428,114.24,80,360,True,6620,2020-06-26 17:12:09+00:00,2020-06-26 23:11:56+00:00
182,1428,114.24,80,360,True,6620,2020-06-28 17:21:16+00:00,2020-06-28 23:21:04+00:00
183,1428,114.24,80,360,True,6620,2020-06-29 16:43:31+00:00,2020-06-29 22:43:15+00:00
184,1428,114.24,80,360,True,6620,2020-07-01 14:30:49+00:00,2020-07-01 20:30:39+00:00
185,1428,114.24,80,360,True,6620,2020-07-02 16:42:51+00:00,2020-07-02 22:42:41+00:00
186,290,11.6,40,115,True,7443,2020-07-02 17:36:47+00:00,2020-07-02 19:28:37+00:00
187,258,25.8,100,480,True,6140,2020-07-02 19:43:42+00:00,2020-07-03 03:43:42+00:00
188,258,25.8,100,480,True,6140,2020-07-03 05:25:08+00:00,2020-07-03 03:43:42+00:00
189,258,25.8,100,480,True,6140,2020-07-06 16:00:12+00:00,2020-07-07 00:00:13+00:00
190,258,25.8,100,1973,True,6140,2020-07-07 20:05:59+00:00,2020-07-08 00:53:13+00:00
191,258,25.8,100,1973,True,6140,2020-07-08 17:50:36+00:00,2020-07-08 00:53:13+00:00
192,1428,114.24,80,360,True,6620,2020-07-06 16:48:30+00:00,2020-07-06 22:48:11+00:00
193,1428,142.8,100,480,True,6620,2020-07-07 17:05:42+00:00,2020-07-08 01:05:17+00:00
194,1428,114.24,80,360,True,6620,2020-07-08 16:05:27+00:00,2020-07-08 22:05:15+00:00
195,1428,114.24,80,360,True,6620,2020-07-10 15:35:36+00:00,2020-07-10 21:35:10+00:00
196,1428,114.24,80,360,True,6620,2020-07-13 20:36:56+00:00,2020-07-14 02:36:31+00:00
197,1428,114.24,80,360,True,6620,2020-07-14 19:11:07+00:00,2020-07-15 01:10:49+00:00
198,1428,128.52,90,927,True,6620,2020-07-14 19:11:49+00:00,2020-07-15 10:37:49+00:00
199,1428,128.52,90,927,True,6620,2020-07-14 19:11:51+00:00,2020-07-15 10:37:49+00:00
200,1428,128.52,90,927,True,6620,2020-07-14 19:11:53+00:00,2020-07-15 10:37:49+00:00
201,1428,114.24,80,360,True,6620,2020-07-15 15:51:19+00:00,2020-07-15 21:50:42+00:00
202,258,25.8,100,480,True,6140,2020-07-16 16:36:51+00:00,2020-07-17 00:36:52+00:00
203,258,25.8,100,480,True,6140,2020-07-18 02:40:09+00:00,2020-07-17 00:36:52+00:00
204,1428,114.24,80,360,True,6620,2020-07-16 20:22:57+00:00,2020-07-17 02:20:03+00:00
205,1428,114.24,80,360,True,6620,2020-07-17 18:56:41+00:00,2020-07-18 00:55:55+00:00
206,1428,114.24,80,360,True,6620,2020-07-18 17:59:17+00:00,2020-07-18 23:59:05+00:00
207,1428,114.24,80,360,True,6620,2020-07-20 16:03:20+00:00,2020-07-20 22:03:08+00:00
208,1428,114.24,80,360,True,6620,2020-07-22 16:24:51+00:00,2020-07-22 22:24:17+00:00
209,1428,114.24,80,360,True,6620,2020-07-23 16:16:22+00:00,2020-07-23 22:16:13+00:00
210,1428,114.24,80,360,True,6620,2020-07-24 15:51:23+00:00,2020-07-24 21:51:15+00:00
211,258,38.7,150,480,True,6171,2020-07-24 19:43:58+00:00,2020-07-25 03:43:58+00:00
212,258,25.8,100,480,True,6140,2020-07-24 20:49:44+00:00,2020-07-25 04:49:45+00:00
213,258,25.8,100,480,True,6140,2020-07-25 01:48:05+00:00,2020-07-25 04:49:45+00:00
214,1428,114.24,80,360,True,6620,2020-07-27 16:46:49+00:00,2020-07-27 22:45:39+00:00
215,258,25.8,100,480,True,6140,2020-07-27 17:45:01+00:00,2020-07-28 01:45:01+00:00
216,258,25.8,100,480,True,6140,2020-07-27 20:40:13+00:00,2020-07-28 01:45:01+00:00
217,1428,114.24,80,360,True,6620,2020-07-29 13:56:36+00:00,2020-07-29 19:56:28+00:00
218,1428,114.24,80,360,True,6620,2020-07-30 17:04:45+00:00,2020-07-30 23:04:26+00:00
219,258,25.8,100,480,True,6140,2020-08-21 17:59:54+00:00,2020-08-22 01:59:54+00:00
220,258,25.8,100,480,True,6140,2020-08-21 23:20:26+00:00,2020-08-22 07:20:26+00:00
221,258,46.44,180,1421,True,6140,2020-08-22 14:23:26+00:00,2020-08-22 23:01:26+00:00
222,258,56.76,220,1754,True,6140,2020-08-22 18:00:40+00:00,2020-08-23 04:34:26+00:00
223,258,90.3,350,2130,True,6140,2020-08-22 18:01:33+00:00,2020-08-23 10:50:26+00:00
224,258,90.3,350,2130,True,6140,2020-08-24 04:13:55+00:00,2020-08-23 10:50:26+00:00
225,1428,114.24,80,360,True,6620,2020-08-25 15:24:01+00:00,2020-08-25 21:23:17+00:00
226,1428,114.24,80,360,True,6620,2020-08-25 20:31:21+00:00,2020-08-26 02:31:07+00:00
227,1428,114.24,80,360,True,6620,2020-08-26 16:18:09+00:00,2020-08-26 22:17:39+00:00
228,258,25.8,100,480,True,6140,2020-08-26 21:37:23+00:00,2020-08-27 05:37:24+00:00
229,258,25.8,100,480,True,6140,2020-08-27 01:51:28+00:00,2020-08-27 05:37:24+00:00
230,1428,114.24,80,360,True,6620,2020-08-28 15:45:56+00:00,2020-08-28 21:45:04+00:00
231,258,25.8,100,480,True,6140,2020-08-31 22:39:54+00:00,2020-09-01 06:39:55+00:00
232,258,54.18,210,905,True,6140,2020-09-01 23:13:27+00:00,2020-09-02 14:18:28+00:00
233,258,54.18,210,905,True,6140,2020-09-03 17:57:41+00:00,2020-09-02 14:18:28+00:00
234,1428,114.24,80,360,True,6620,2020-09-02 15:48:30+00:00,2020-09-02 21:48:04+00:00
235,1428,114.24,80,360,True,6620,2020-09-04 16:06:43+00:00,2020-09-04 22:06:16+00:00
236,1428,114.24,80,360,True,6620,2020-09-08 15:43:44+00:00,2020-09-08 21:43:22+00:00
237,1428,114.24,80,360,True,6620,2020-09-09 17:11:21+00:00,2020-09-09 23:10:59+00:00
238,258,72.24,280,1385,True,6140,2020-09-09 19:58:48+00:00,2020-09-10 19:03:05+00:00
239,1428,114.24,80,360,True,6620,2020-09-11 16:49:54+00:00,2020-09-11 22:49:19+00:00
240,1428,114.24,80,360,True,6620,2020-09-14 16:39:54+00:00,2020-09-14 22:39:44+00:00
241,1428,114.24,80,360,True,6620,2020-09-15 14:50:01+00:00,2020-09-15 20:49:53+00:00
242,1428,142.8,100,480,True,6620,2020-09-18 15:05:42+00:00,2020-09-18 23:05:30+00:00
243,1428,114.24,80,360,True,6620,2020-09-21 15:54:06+00:00,2020-09-21 21:53:54+00:00
244,1428,114.24,80,360,True,6620,2020-09-21 20:22:10+00:00,2020-09-22 02:21:49+00:00
245,1428,114.24,80,360,True,6620,2020-09-22 15:16:03+00:00,2020-09-22 21:15:42+00:00
246,258,72.24,280,1385,True,6140,2020-09-22 20:26:45+00:00,2020-09-23 19:31:45+00:00
247,1428,114.24,80,360,True,6620,2020-09-25 15:55:00+00:00,2020-09-25 21:54:47+00:00
248,258,72.24,280,1385,True,6140,2020-09-25 18:51:28+00:00,2020-09-26 17:56:29+00:00
249,1428,114.24,80,360,True,6620,2020-09-28 15:35:44+00:00,2020-09-28 21:35:29+00:00
250,1428,114.24,80,360,True,6620,2020-09-29 15:49:21+00:00,2020-09-29 21:48:06+00:00
251,1428,114.24,80,360,True,6620,2020-09-30 15:44:27+00:00,2020-09-30 21:43:46+00:00
252,1428,114.24,80,360,True,6620,2020-10-02 15:28:25+00:00,2020-10-02 21:28:15+00:00
253,1428,114.24,80,360,True,6620,2020-10-05 15:20:13+00:00,2020-10-05 21:19:52+00:00
254,258,72.24,280,1385,True,6140,2020-10-05 19:55:45+00:00,2020-10-06 19:00:46+00:00
255,1428,114.24,80,360,True,6620,2020-10-06 16:48:43+00:00,2020-10-06 22:48:06+00:00
256,1428,114.24,80,360,True,6620,2020-10-07 15:41:44+00:00,2020-10-07 21:41:34+00:00
257,1428,114.24,80,360,True,6620,2020-10-08 18:01:40+00:00,2020-10-09 00:01:23+00:00
258,1428,114.24,80,360,True,6620,2020-10-09 17:12:52+00:00,2020-10-09 23:12:44+00:00
259,1428,114.24,80,360,True,6620,2020-10-12 15:37:59+00:00,2020-10-12 21:37:46+00:00
260,1428,114.24,80,360,True,6620,2020-10-13 17:33:27+00:00,2020-10-13 23:33:14+00:00
261,1428,114.24,80,360,True,6620,2020-10-15 15:21:43+00:00,2020-10-15 21:21:33+00:00
262,1428,114.24,80,360,True,6620,2020-10-16 15:13:32+00:00,2020-10-16 21:13:17+00:00
263,258,72.24,280,1385,True,6140,2020-10-16 22:50:11+00:00,2020-10-17 21:55:11+00:00
264,1428,114.24,80,360,True,6620,2020-10-19 15:59:46+00:00,2020-10-19 21:59:28+00:00
265,1428,114.24,80,360,True,6620,2020-10-20 16:24:56+00:00,2020-10-20 22:24:37+00:00
266,1428,114.24,80,360,True,6620,2020-10-21 16:39:36+00:00,2020-10-21 22:37:45+00:00
267,1428,114.24,80,360,True,6620,2020-10-22 16:25:45+00:00,2020-10-22 22:25:05+00:00
268,258,72.24,280,1385,True,6140,2020-10-22 20:26:51+00:00,2020-10-23 19:31:51+00:00
269,1428,114.24,80,360,True,6620,2020-10-23 14:51:24+00:00,2020-10-23 20:51:14+00:00
270,1428,114.24,80,360,True,6620,2020-10-26 15:39:26+00:00,2020-10-26 21:38:36+00:00
271,258,72.24,280,1385,True,6140,2020-10-27 00:34:08+00:00,2020-10-27 23:39:09+00:00
272,1428,114.24,80,360,True,6620,2020-10-27 17:18:03+00:00,2020-10-27 23:17:54+00:00
273,1428,114.24,80,360,True,6620,2020-10-28 15:48:03+00:00,2020-10-28 21:47:48+00:00
274,1428,114.24,80,360,True,6620,2020-10-29 18:00:36+00:00,2020-10-30 00:00:28+00:00
275,258,72.24,280,1385,True,6140,2020-10-29 20:39:53+00:00,2020-10-30 19:44:53+00:00
276,1428,142.8,100,480,True,6620,2020-10-30 17:02:36+00:00,2020-10-31 01:02:24+00:00
277,1428,114.24,80,360,True,6620,2020-11-02 17:24:09+00:00,2020-11-02 23:13:27+00:00
278,1428,114.24,80,360,True,6620,2020-11-04 16:26:46+00:00,2020-11-04 22:26:25+00:00
279,1428,114.24,80,360,True,6620,2020-11-05 17:24:17+00:00,2020-11-05 23:24:02+00:00
280,1428,114.24,80,360,True,6620,2020-11-06 16:50:34+00:00,2020-11-06 22:49:40+00:00
281,258,72.24,280,1385,True,6140,2020-11-06 22:16:37+00:00,2020-11-07 21:21:38+00:00
282,1428,114.24,80,360,True,6620,2020-11-09 16:29:16+00:00,2020-11-09 22:28:27+00:00
283,1428,114.24,80,360,True,6620,2020-11-11 18:35:43+00:00,2020-11-12 00:35:09+00:00
284,1428,114.24,80,360,True,6620,2020-11-13 17:20:48+00:00,2020-11-13 23:20:13+00:00
285,1428,114.24,80,360,True,6620,2020-11-16 17:13:54+00:00,2020-11-16 23:13:42+00:00
286,258,72.24,280,1385,True,6140,2020-11-16 22:22:14+00:00,2020-11-17 21:27:14+00:00
287,1428,114.24,80,360,True,6620,2020-11-17 17:21:32+00:00,2020-11-17 23:21:07+00:00
288,1428,114.24,80,360,True,6620,2020-11-18 19:01:06+00:00,2020-11-19 01:00:46+00:00
289,1428,114.24,80,360,True,6620,2020-11-20 18:00:15+00:00,2020-11-21 00:00:01+00:00
290,1428,114.24,80,360,True,6620,2020-11-23 18:18:31+00:00,2020-11-24 00:18:12+00:00
291,1428,114.24,80,360,True,6620,2020-11-24 19:06:30+00:00,2020-11-25 01:06:16+00:00
292,258,72.24,280,1385,True,6140,2020-11-24 23:06:03+00:00,2020-11-25 22:11:03+00:00
293,1428,114.24,80,360,True,6620,2020-11-25 16:43:27+00:00,2020-11-25 22:43:13+00:00
294,1428,114.24,80,360,True,6620,2020-11-30 16:55:21+00:00,2020-11-30 22:55:06+00:00
295,1428,114.24,80,360,True,6620,2020-12-01 17:17:59+00:00,2020-12-01 23:17:49+00:00
296,1428,114.24,80,360,True,6620,2020-12-03 19:24:44+00:00,2020-12-04 01:24:15+00:00
297,258,72.24,280,1385,True,6140,2020-12-04 19:58:09+00:00,2020-12-05 19:03:09+00:00
298,1428,114.24,80,360,True,6620,2020-12-07 16:30:39+00:00,2020-12-07 22:30:12+00:00
299,1428,114.24,80,360,True,6620,2020-12-08 17:23:56+00:00,2020-12-08 23:23:27+00:00
300,258,72.24,280,1385,True,6140,2020-12-09 01:02:10+00:00,2020-12-10 00:07:11+00:00
301,1428,114.24,80,360,True,6620,2020-12-14 16:32:50+00:00,2020-12-14 22:32:33+00:00
302,1428,114.24,80,360,True,6620,2020-12-15 17:16:10+00:00,2020-12-15 23:15:57+00:00
303,1428,114.24,80,360,True,6620,2020-12-16 16:31:31+00:00,2020-12-16 22:31:06+00:00
304,1428,114.24,80,360,True,6620,2020-12-17 17:40:05+00:00,2020-12-17 23:39:48+00:00
305,258,72.24,280,1385,True,6140,2020-12-17 18:34:18+00:00,2020-12-18 17:39:19+00:00
306,1428,114.24,80,360,True,6620,2020-12-18 17:04:18+00:00,2020-12-18 23:03:56+00:00
307,1428,114.24,80,360,True,6620,2020-12-21 19:10:58+00:00,2020-12-22 01:10:37+00:00
308,1428,114.24,80,360,True,6620,2020-12-22 18:30:57+00:00,2020-12-23 00:30:34+00:00
309,1428,114.24,80,360,True,6620,2020-12-23 19:23:14+00:00,2020-12-24 01:22:46+00:00
310,258,72.24,280,1385,True,6140,2020-12-23 23:10:45+00:00,2020-12-24 22:15:46+00:00
311,258,72.24,280,1385,True,6140,2020-12-27 01:54:16+00:00,2020-12-28 00:59:09+00:00
312,1428,114.24,80,360,True,6620,2020-12-28 21:44:42+00:00,2020-12-29 03:44:12+00:00
313,1428,114.24,80,360,True,6620,2020-12-29 18:52:47+00:00,2020-12-30 00:52:33+00:00
314,1428,114.24,80,360,True,6620,2020-12-30 20:25:14+00:00,2020-12-31 02:25:06+00:00
315,258,72.24,280,1385,True,6140,2020-12-31 21:46:16+00:00,2021-01-01 20:51:17+00:00
316,1428,114.24,80,360,True,6620,2021-01-03 17:42:01+00:00,2021-01-03 23:41:36+00:00
317,258,72.24,280,1385,True,6140,2021-01-04 00:41:15+00:00,2021-01-04 23:46:16+00:00
318,1428,114.24,80,360,True,6620,2021-01-04 18:35:33+00:00,2021-01-05 00:34:49+00:00
319,304,6.08,20,60,True,10209,2021-01-05 00:17:11+00:00,2021-01-05 01:17:11+00:00
320,304,6.08,20,60,True,10209,2021-01-05 18:39:47+00:00,2021-01-05 19:39:48+00:00
321,304,6.08,20,60,True,10209,2021-01-05 22:18:10+00:00,2021-01-05 23:18:11+00:00
322,258,72.24,280,1385,True,6140,2021-01-06 16:36:25+00:00,2021-01-07 15:41:16+00:00
323,1428,114.24,80,360,True,6620,2021-01-06 17:27:35+00:00,2021-01-06 23:27:21+00:00
324,304,6.08,20,60,True,10209,2021-01-07 16:34:00+00:00,2021-01-07 17:34:01+00:00
325,1428,114.24,80,360,True,6620,2021-01-08 15:54:22+00:00,2021-01-08 21:53:57+00:00
326,1428,114.24,80,360,True,6620,2021-01-11 16:18:06+00:00,2021-01-11 22:17:43+00:00
327,304,6.08,20,60,True,10209,2021-01-11 22:58:39+00:00,2021-01-11 23:58:39+00:00
328,258,72.24,280,1385,True,6140,2021-01-12 23:09:13+00:00,2021-01-13 22:14:13+00:00
329,1428,114.24,80,360,True,6620,2021-01-13 16:21:49+00:00,2021-01-13 22:21:04+00:00
330,258,72.24,280,1385,True,6140,2021-01-14 00:30:46+00:00,2021-01-14 23:35:46+00:00
331,1428,114.24,80,360,True,6620,2021-01-14 18:41:20+00:00,2021-01-15 00:41:10+00:00
332,1428,114.24,80,360,True,6620,2021-01-15 17:15:57+00:00,2021-01-15 23:15:38+00:00
333,1428,114.24,80,360,True,6620,2021-01-18 18:06:15+00:00,2021-01-19 00:06:16+00:00
334,1428,114.24,80,360,True,6620,2021-01-19 18:24:29+00:00,2021-01-20 00:24:20+00:00
335,380,7.6,20,168,True,10598,2021-01-21 21:14:33+00:00,2021-01-21 23:53:19+00:00
336,258,72.24,280,1385,True,6140,2021-01-25 20:04:57+00:00,2021-01-26 19:09:58+00:00
337,1428,114.24,80,360,True,6620,2021-01-27 16:17:53+00:00,2021-01-27 22:17:26+00:00
338,258,72.24,280,1385,True,6140,2021-01-28 19:48:37+00:00,2021-01-29 18:53:37+00:00
339,1428,114.24,80,360,True,6620,2021-01-29 16:38:38+00:00,2021-01-29 22:37:43+00:00
340,1428,114.24,80,360,True,6620,2021-02-01 17:24:35+00:00,2021-02-01 23:24:23+00:00
341,1428,114.24,80,360,True,6620,2021-02-02 21:14:14+00:00,2021-02-03 03:14:01+00:00
342,1428,114.24,80,360,True,6620,2021-02-04 19:20:56+00:00,2021-02-05 01:20:39+00:00
343,350,10.5,30,252,True,10808,2021-02-05 16:38:13+00:00,2021-02-05 20:50:14+00:00
344,350,10.5,30,192,True,10808,2021-02-05 16:43:46+00:00,2021-02-05 19:50:14+00:00
345,1428,114.24,80,360,True,6620,2021-02-05 17:29:40+00:00,2021-02-05 23:29:29+00:00
346,1428,114.24,80,360,True,6620,2021-02-08 17:24:40+00:00,2021-02-08 23:24:24+00:00
347,350,10.5,30,252,True,10808,2021-02-09 16:40:13+00:00,2021-02-09 20:52:13+00:00
348,1428,114.24,80,360,True,6620,2021-02-09 20:25:09+00:00,2021-02-10 02:24:49+00:00
349,274,27.4,100,600,True,10924,2021-02-10 17:28:25+00:00,2021-02-11 03:28:25+00:00
350,274,52.06,190,600,True,10924,2021-02-10 18:04:07+00:00,2021-02-11 03:28:25+00:00
351,1428,114.24,80,360,True,6620,2021-02-10 18:16:10+00:00,2021-02-11 00:15:57+00:00
352,350,10.5,30,252,True,10808,2021-02-11 16:22:08+00:00,2021-02-11 20:34:08+00:00
353,350,10.5,30,480,True,10808,2021-02-11 16:24:29+00:00,2021-02-12 00:22:08+00:00
354,258,72.24,280,1385,True,6140,2021-02-12 06:07:10+00:00,2021-02-13 05:12:10+00:00
355,1428,114.24,80,360,True,6620,2021-02-12 16:47:45+00:00,2021-02-12 22:47:21+00:00
356,350,10.5,30,252,True,10808,2021-02-16 16:36:17+00:00,2021-02-16 20:48:17+00:00
357,1428,114.24,80,360,True,6620,2021-02-16 16:44:44+00:00,2021-02-16 22:44:35+00:00
358,350,10.5,30,252,True,10808,2021-02-16 19:15:38+00:00,2021-02-16 23:27:38+00:00
359,350,10.5,30,132,True,10808,2021-02-16 19:15:58+00:00,2021-02-16 21:27:38+00:00
360,1428,114.24,80,360,True,6620,2021-02-17 16:44:59+00:00,2021-02-17 22:44:43+00:00
361,1428,114.24,80,360,True,6620,2021-02-18 18:18:06+00:00,2021-02-19 00:17:47+00:00
362,258,72.24,280,1385,True,6140,2021-02-18 21:48:45+00:00,2021-02-19 20:53:45+00:00
363,350,35.0,100,480,True,10808,2021-02-19 16:58:14+00:00,2021-02-20 00:40:41+00:00
364,350,10.5,30,240,True,10808,2021-02-19 16:58:35+00:00,2021-02-19 20:40:41+00:00
365,1428,114.24,80,360,True,6620,2021-02-19 18:50:29+00:00,2021-02-20 00:50:29+00:00
366,1428,114.24,80,360,True,6620,2021-02-24 17:37:26+00:00,2021-02-24 23:37:23+00:00
367,1428,114.24,80,360,True,6620,2021-02-25 19:56:33+00:00,2021-02-26 01:55:34+00:00
368,258,72.24,280,1385,True,6140,2021-02-25 19:59:28+00:00,2021-02-26 19:04:29+00:00
369,1428,114.24,80,360,True,6620,2021-02-26 19:58:17+00:00,2021-02-27 01:58:00+00:00
370,350,10.5,30,252,True,10808,2021-03-01 17:14:52+00:00,2021-03-01 21:02:53+00:00
371,258,72.24,280,1385,True,6140,2021-03-01 19:31:57+00:00,2021-03-02 18:36:57+00:00
372,1428,114.24,80,360,True,6620,2021-03-01 21:02:25+00:00,2021-03-02 03:02:09+00:00
373,310,31.0,100,480,True,11242,2021-03-01 22:58:07+00:00,2021-03-02 06:57:45+00:00
374,310,31.0,100,480,True,11242,2021-03-01 22:58:50+00:00,2021-03-02 06:57:45+00:00
375,310,31.0,100,480,True,11242,2021-03-02 18:23:15+00:00,2021-03-03 02:22:53+00:00
376,1428,114.24,80,360,True,6620,2021-03-03 16:42:21+00:00,2021-03-03 22:41:36+00:00
377,350,10.5,30,252,True,10808,2021-03-03 16:47:18+00:00,2021-03-03 20:59:19+00:00
378,310,62.0,200,558,True,11242,2021-03-04 18:40:39+00:00,2021-03-05 03:58:39+00:00
379,310,65.1,210,662,True,11242,2021-03-04 22:57:11+00:00,2021-03-05 05:42:39+00:00
380,350,10.5,30,252,True,10808,2021-03-05 16:42:50+00:00,2021-03-05 20:54:51+00:00
381,1428,114.24,80,360,True,6620,2021-03-05 16:43:17+00:00,2021-03-05 22:43:17+00:00
382,274,65.76,240,778,True,10924,2021-03-05 17:35:28+00:00,2021-03-06 06:33:28+00:00
383,380,76.0,200,558,True,11242,2021-03-05 17:49:48+00:00,2021-03-06 03:07:49+00:00
384,380,38.0,100,764,True,11242,2021-03-05 23:50:21+00:00,2021-03-06 06:33:49+00:00
385,350,10.5,30,252,True,10808,2021-03-08 16:47:21+00:00,2021-03-08 20:59:22+00:00
386,1428,114.24,80,360,True,6620,2021-03-08 19:55:36+00:00,2021-03-09 01:55:37+00:00
387,380,76.0,200,558,True,11242,2021-03-08 20:04:52+00:00,2021-03-09 05:22:52+00:00
388,350,10.5,30,252,True,10808,2021-03-09 17:07:22+00:00,2021-03-09 21:19:23+00:00
389,1428,114.24,80,360,True,6620,2021-03-11 03:17:24+00:00,2021-03-11 09:17:25+00:00
390,350,10.5,30,252,True,10808,2021-03-11 16:56:10+00:00,2021-03-11 21:08:11+00:00
391,1428,114.24,80,360,True,6620,2021-03-11 20:09:31+00:00,2021-03-12 02:09:32+00:00
392,350,10.5,30,252,True,10808,2021-03-12 17:07:27+00:00,2021-03-12 21:19:28+00:00
393,258,72.24,280,1385,True,6140,2021-03-12 19:19:59+00:00,2021-03-13 18:25:00+00:00
394,274,65.76,240,778,True,10924,2021-03-12 20:29:39+00:00,2021-03-13 09:27:40+00:00
395,350,10.5,30,252,True,10808,2021-03-15 15:45:54+00:00,2021-03-15 19:57:54+00:00
396,380,76.0,200,558,True,11242,2021-03-15 16:26:52+00:00,2021-03-16 01:44:52+00:00
397,274,65.76,240,778,True,10924,2021-03-15 16:31:01+00:00,2021-03-16 05:29:02+00:00
398,1428,114.24,80,360,True,6620,2021-03-15 19:54:01+00:00,2021-03-16 01:54:01+00:00
399,350,10.5,30,252,True,10808,2021-03-16 15:55:05+00:00,2021-03-16 20:07:06+00:00
400,380,76.0,200,558,True,11242,2021-03-16 17:19:32+00:00,2021-03-17 02:37:33+00:00
401,274,65.76,240,778,True,10924,2021-03-17 15:50:59+00:00,2021-03-18 04:49:00+00:00
402,1428,114.24,80,360,True,6620,2021-03-17 15:54:21+00:00,2021-03-17 21:54:21+00:00
403,350,10.5,30,252,True,10808,2021-03-17 16:14:40+00:00,2021-03-17 20:26:40+00:00
404,380,76.0,200,558,True,11242,2021-03-17 17:15:08+00:00,2021-03-18 02:33:08+00:00
405,258,72.24,280,1385,True,6140,2021-03-17 21:26:12+00:00,2021-03-18 20:31:13+00:00
406,380,76.0,200,558,True,11242,2021-03-18 16:31:36+00:00,2021-03-19 01:49:36+00:00
407,1428,114.24,80,360,True,6620,2021-03-18 19:10:40+00:00,2021-03-19 01:10:41+00:00
408,274,65.76,240,778,True,10924,2021-03-19 16:34:59+00:00,2021-03-20 05:33:00+00:00
409,1428,114.24,80,360,True,6620,2021-03-19 17:41:21+00:00,2021-03-19 23:41:21+00:00
410,380,76.0,200,558,True,11242,2021-03-19 18:56:26+00:00,2021-03-20 04:14:26+00:00
411,380,76.0,200,558,True,11242,2021-03-22 19:40:51+00:00,2021-03-23 04:58:52+00:00
412,1428,114.24,80,360,True,6620,2021-03-22 23:03:43+00:00,2021-03-23 05:03:44+00:00
413,1428,114.24,80,824,True,6620,2021-03-22 23:04:17+00:00,2021-03-23 12:47:44+00:00
414,331,16.55,50,168,True,11920,2021-03-23 18:17:38+00:00,2021-03-23 21:05:39+00:00
415,1428,114.24,80,360,True,6620,2021-03-24 15:00:17+00:00,2021-03-24 21:00:18+00:00
416,274,65.76,240,778,True,10924,2021-03-24 16:15:14+00:00,2021-03-25 05:13:14+00:00
417,380,76.0,200,558,True,11242,2021-03-24 17:58:00+00:00,2021-03-25 03:16:00+00:00
418,274,65.76,240,778,True,10924,2021-03-24 21:58:13+00:00,2021-03-25 10:56:13+00:00
419,380,76.0,200,558,True,11242,2021-03-25 17:40:00+00:00,2021-03-26 02:58:00+00:00
420,1428,114.24,80,360,True,6620,2021-03-25 17:50:20+00:00,2021-03-25 23:50:21+00:00
421,274,65.76,240,778,True,10924,2021-03-26 16:03:16+00:00,2021-03-27 05:01:17+00:00
422,380,76.0,200,558,True,11242,2021-03-26 16:59:18+00:00,2021-03-27 02:17:18+00:00
423,1428,114.24,80,360,True,6620,2021-03-26 17:36:32+00:00,2021-03-26 23:36:33+00:00
424,258,72.24,280,1385,True,6140,2021-03-26 23:50:53+00:00,2021-03-27 22:55:53+00:00
425,1428,114.24,80,360,True,6620,2021-03-29 17:45:40+00:00,2021-03-29 23:45:40+00:00
426,380,76.0,200,558,True,11242,2021-03-29 19:26:28+00:00,2021-03-30 04:44:28+00:00
427,258,72.24,280,1385,True,6140,2021-03-30 16:38:34+00:00,2021-03-31 15:43:35+00:00
428,380,76.0,200,558,True,11242,2021-03-30 17:43:08+00:00,2021-03-31 03:01:08+00:00
429,380,76.0,200,558,True,11242,2021-03-31 17:06:48+00:00,2021-04-01 02:24:49+00:00
430,350,10.5,30,252,True,10808,2021-03-31 17:18:16+00:00,2021-03-31 21:30:17+00:00
431,1428,114.24,80,360,True,6620,2021-03-31 22:27:00+00:00,2021-04-01 04:27:00+00:00
432,380,76.0,200,558,True,11242,2021-04-01 17:10:44+00:00,2021-04-02 02:28:44+00:00
433,274,65.76,240,778,True,10924,2021-04-02 16:25:47+00:00,2021-04-03 05:23:47+00:00
434,380,76.0,200,558,True,11242,2021-04-02 16:29:46+00:00,2021-04-03 01:47:46+00:00
435,1428,114.24,80,360,True,6620,2021-04-02 19:33:10+00:00,2021-04-03 01:33:11+00:00
436,274,65.76,240,778,True,10924,2021-04-02 22:10:32+00:00,2021-04-03 11:08:32+00:00
437,380,76.0,200,558,True,11242,2021-04-05 16:25:48+00:00,2021-04-06 01:43:48+00:00
438,1428,114.24,80,360,True,6620,2021-04-05 17:23:04+00:00,2021-04-05 23:23:04+00:00
439,380,76.0,200,558,True,11242,2021-04-06 18:15:33+00:00,2021-04-07 03:33:33+00:00
440,1428,114.24,80,360,True,6620,2021-04-07 15:56:21+00:00,2021-04-07 21:56:22+00:00
441,380,76.0,200,558,True,11242,2021-04-07 16:55:11+00:00,2021-04-08 02:13:12+00:00
442,380,76.0,200,558,True,11242,2021-04-08 16:42:19+00:00,2021-04-09 02:00:19+00:00
443,380,76.0,200,558,True,11242,2021-04-09 16:33:32+00:00,2021-04-10 01:51:32+00:00
444,1428,114.24,80,360,True,6620,2021-04-12 17:58:50+00:00,2021-04-12 23:58:50+00:00
445,380,76.0,200,558,True,11242,2021-04-12 19:54:57+00:00,2021-04-13 05:12:58+00:00
446,1428,114.24,80,360,True,6620,2021-04-13 18:18:10+00:00,2021-04-14 00:18:10+00:00
447,310,43.4,140,461,True,3618,2021-04-13 19:23:06+00:00,2021-04-14 03:04:06+00:00
448,380,76.0,200,558,True,11242,2021-04-13 19:59:47+00:00,2021-04-14 05:17:48+00:00
449,380,76.0,200,558,True,11242,2021-04-14 18:03:47+00:00,2021-04-15 03:21:47+00:00
450,1428,114.24,80,360,True,6620,2021-04-15 17:05:01+00:00,2021-04-15 23:05:02+00:00
451,380,76.0,200,558,True,11242,2021-04-15 18:33:48+00:00,2021-04-16 03:51:48+00:00
452,274,65.76,240,778,True,10924,2021-04-16 15:48:39+00:00,2021-04-17 04:46:39+00:00
453,1428,114.24,80,360,True,6620,2021-04-16 16:12:37+00:00,2021-04-16 22:12:37+00:00
454,380,76.0,200,558,True,11242,2021-04-16 16:32:16+00:00,2021-04-17 01:50:16+00:00
455,1428,114.24,80,360,True,6620,2021-04-16 19:21:36+00:00,2021-04-17 01:21:36+00:00
456,258,72.24,280,1385,True,6140,2021-04-17 04:35:57+00:00,2021-04-18 03:40:58+00:00
457,274,65.76,240,778,True,10924,2021-04-19 16:30:30+00:00,2021-04-20 05:28:30+00:00
458,380,76.0,200,558,True,11242,2021-04-19 18:46:18+00:00,2021-04-20 04:04:18+00:00
459,1428,114.24,80,360,True,6620,2021-04-20 17:14:17+00:00,2021-04-20 23:14:17+00:00
460,380,76.0,200,558,True,11242,2021-04-20 19:13:53+00:00,2021-04-21 04:31:53+00:00
461,1428,114.24,80,360,True,6620,2021-04-21 15:11:36+00:00,2021-04-21 21:11:37+00:00
462,380,76.0,200,558,True,11242,2021-04-21 17:22:02+00:00,2021-04-22 02:40:02+00:00
463,258,72.24,280,1385,True,6140,2021-04-21 17:24:35+00:00,2021-04-22 16:29:35+00:00
464,310,43.4,140,461,True,3618,2021-04-21 18:14:13+00:00,2021-04-22 01:55:13+00:00
465,310,43.4,140,461,True,3618,2021-04-21 21:14:46+00:00,2021-04-22 04:55:46+00:00
466,380,76.0,200,558,True,11242,2021-04-22 16:36:15+00:00,2021-04-23 01:54:15+00:00
467,1428,114.24,80,360,True,6620,2021-04-23 15:50:46+00:00,2021-04-23 21:50:47+00:00
468,380,76.0,200,558,True,11242,2021-04-23 19:22:52+00:00,2021-04-24 04:40:53+00:00
469,1428,114.24,80,360,True,6620,2021-04-26 16:38:18+00:00,2021-04-26 22:38:18+00:00
470,274,65.76,240,778,True,10924,2021-04-26 17:00:09+00:00,2021-04-27 05:58:09+00:00
471,258,72.24,280,1385,True,6140,2021-04-27 21:46:12+00:00,2021-04-28 20:51:13+00:00
472,274,65.76,240,778,True,10924,2021-04-28 19:46:18+00:00,2021-04-29 08:44:18+00:00
473,1428,114.24,80,360,True,6620,2021-04-29 16:23:41+00:00,2021-04-29 22:23:42+00:00
474,380,76.0,200,558,True,11242,2021-04-30 16:43:43+00:00,2021-05-01 02:01:44+00:00
475,274,65.76,240,778,True,10924,2021-04-30 19:58:44+00:00,2021-05-01 08:56:44+00:00
476,380,76.0,200,558,True,11242,2021-05-04 17:43:58+00:00,2021-05-05 03:01:59+00:00
477,1428,114.24,80,360,True,6620,2021-05-05 15:53:22+00:00,2021-05-05 21:53:22+00:00
478,380,76.0,200,558,True,11242,2021-05-05 16:28:58+00:00,2021-05-06 01:46:58+00:00
479,380,76.0,200,558,True,11242,2021-05-06 16:33:38+00:00,2021-05-07 01:51:39+00:00
480,380,76.0,200,558,True,11242,2021-05-07 15:55:32+00:00,2021-05-08 01:13:33+00:00
481,274,65.76,240,778,True,10924,2021-05-07 16:22:36+00:00,2021-05-08 05:20:36+00:00
482,1428,114.24,80,360,True,6620,2021-05-07 18:06:20+00:00,2021-05-08 00:06:20+00:00
483,274,65.76,240,778,True,10924,2021-05-07 21:20:35+00:00,2021-05-08 10:18:35+00:00
484,1428,114.24,80,360,True,6620,2021-05-10 17:57:54+00:00,2021-05-10 23:57:54+00:00
485,380,76.0,200,558,True,11242,2021-05-10 19:20:28+00:00,2021-05-11 04:38:29+00:00
486,1428,114.24,80,360,True,6620,2021-05-11 16:38:19+00:00,2021-05-11 22:38:19+00:00
487,380,76.0,200,558,True,11242,2021-05-11 17:33:47+00:00,2021-05-12 02:51:48+00:00
488,1428,114.24,80,360,True,6620,2021-05-12 14:53:38+00:00,2021-05-12 20:53:38+00:00
489,380,76.0,200,558,True,11242,2021-05-12 16:28:09+00:00,2021-05-13 01:46:10+00:00
490,274,65.76,240,778,True,10924,2021-05-12 17:35:10+00:00,2021-05-13 06:33:10+00:00
491,380,76.0,200,558,True,11242,2021-05-14 16:25:49+00:00,2021-05-15 01:43:50+00:00
492,1428,114.24,80,360,True,6620,2021-05-14 16:49:35+00:00,2021-05-14 22:49:35+00:00
493,274,65.76,240,778,True,10924,2021-05-14 19:21:45+00:00,2021-05-15 08:19:45+00:00
494,1428,114.24,80,360,True,6620,2021-05-16 16:10:33+00:00,2021-05-16 22:10:33+00:00
495,274,65.76,240,778,True,10924,2021-05-17 16:33:15+00:00,2021-05-18 05:31:15+00:00
496,1428,114.24,80,360,True,6620,2021-05-18 15:03:31+00:00,2021-05-18 21:03:31+00:00
497,304,6.08,20,60,True,10209,2021-05-18 20:50:16+00:00,2021-05-18 21:50:16+00:00
498,380,76.0,200,558,True,11242,2021-05-18 20:52:27+00:00,2021-05-19 06:10:28+00:00
499,380,76.0,200,558,True,11242,2021-05-19 00:16:50+00:00,2021-05-19 06:10:28+00:00
500,274,65.76,240,778,True,10924,2021-05-18 21:06:47+00:00,2021-05-19 10:04:48+00:00
501,1428,114.24,80,360,True,6620,2021-05-19 15:48:19+00:00,2021-05-19 21:48:20+00:00
502,258,72.24,280,1385,True,6140,2021-05-19 19:22:20+00:00,2021-05-20 18:27:20+00:00
503,380,76.0,200,558,True,11242,2021-05-19 19:40:20+00:00,2021-05-20 04:58:21+00:00
504,380,76.0,200,558,True,11242,2021-05-20 18:51:20+00:00,2021-05-21 04:09:21+00:00
505,380,76.0,200,558,True,11242,2021-05-20 22:24:39+00:00,2021-05-21 04:09:21+00:00
506,380,76.0,200,558,True,11242,2021-05-20 22:24:39+00:00,2021-05-21 04:09:21+00:00
507,380,76.0,200,558,True,11242,2021-05-20 22:24:40+00:00,2021-05-21 04:09:21+00:00
508,258,72.24,280,1385,True,6140,2021-05-20 21:20:31+00:00,2021-05-21 20:25:32+00:00
509,250,25.0,100,480,True,6062,2021-05-24 16:01:16+00:00,2021-05-24 23:56:38+00:00
510,274,65.76,240,778,True,10924,2021-05-24 18:57:06+00:00,2021-05-25 07:55:07+00:00
511,380,76.0,200,558,True,11242,2021-05-24 18:59:30+00:00,2021-05-25 04:17:31+00:00
512,1428,114.24,80,360,True,6620,2021-05-24 19:00:58+00:00,2021-05-25 01:00:59+00:00
513,380,76.0,200,558,True,11242,2021-05-25 17:57:01+00:00,2021-05-26 03:15:02+00:00
514,1428,114.24,80,360,True,6620,2021-05-25 18:38:02+00:00,2021-05-26 00:38:02+00:00
515,380,76.0,200,558,True,11242,2021-05-25 20:16:03+00:00,2021-05-26 05:34:04+00:00
516,250,25.0,100,301,True,6062,2021-05-26 15:11:17+00:00,2021-05-26 20:04:33+00:00
517,274,65.76,240,778,True,10924,2021-05-26 20:44:39+00:00,2021-05-27 09:42:40+00:00
518,380,76.0,200,558,True,11242,2021-05-27 16:20:16+00:00,2021-05-28 01:38:17+00:00
519,258,72.24,280,1385,True,6140,2021-05-27 20:35:41+00:00,2021-05-28 19:40:42+00:00
520,250,25.0,100,301,True,6062,2021-05-28 14:37:09+00:00,2021-05-28 19:32:10+00:00
521,274,65.76,240,778,True,10924,2021-05-28 15:17:31+00:00,2021-05-29 04:15:31+00:00
522,380,76.0,200,558,True,11242,2021-05-28 16:32:19+00:00,2021-05-29 01:50:20+00:00
523,258,72.24,280,1385,True,6140,2021-05-28 20:02:39+00:00,2021-05-29 19:07:40+00:00
524,380,76.0,200,558,True,11242,2021-06-01 18:26:18+00:00,2021-06-02 03:44:18+00:00
525,274,65.76,240,778,True,10924,2021-06-02 18:45:20+00:00,2021-06-03 07:43:20+00:00
526,250,25.0,100,301,True,6062,2021-06-03 17:04:08+00:00,2021-06-03 21:40:54+00:00
527,258,72.24,280,1385,True,6140,2021-06-03 20:46:26+00:00,2021-06-04 19:51:26+00:00
528,1428,114.24,80,360,True,6620,2021-06-04 15:39:06+00:00,2021-06-04 21:39:06+00:00
529,380,76.0,200,558,True,11242,2021-06-04 19:15:04+00:00,2021-06-05 04:33:04+00:00
530,380,76.0,200,558,True,11242,2021-06-05 17:22:01+00:00,2021-06-06 02:40:01+00:00
531,250,25.0,100,301,True,6062,2021-06-07 15:32:09+00:00,2021-06-07 20:04:05+00:00
532,274,65.76,240,778,True,10924,2021-06-07 16:09:11+00:00,2021-06-08 05:07:11+00:00
533,380,76.0,200,558,True,11242,2021-06-07 19:19:29+00:00,2021-06-08 04:35:50+00:00
534,250,25.0,100,301,True,6062,2021-06-08 14:39:16+00:00,2021-06-08 19:34:51+00:00
535,380,76.0,200,558,True,11242,2021-06-08 18:09:24+00:00,2021-06-09 03:25:29+00:00
536,1428,114.24,80,360,True,6620,2021-06-08 18:23:53+00:00,2021-06-09 00:23:54+00:00
537,250,25.0,100,301,True,6062,2021-06-09 14:49:50+00:00,2021-06-09 19:46:07+00:00
538,258,72.24,280,1385,True,6140,2021-06-09 20:41:33+00:00,2021-06-10 19:46:33+00:00
539,250,25.0,100,301,True,6062,2021-06-10 14:47:39+00:00,2021-06-10 19:34:00+00:00
540,380,76.0,200,558,True,11242,2021-06-10 16:10:31+00:00,2021-06-11 01:27:40+00:00
541,1428,114.24,80,360,True,6620,2021-06-10 17:36:55+00:00,2021-06-10 23:36:56+00:00
542,274,65.76,240,778,True,10924,2021-06-10 20:17:59+00:00,2021-06-11 09:15:59+00:00
543,258,72.24,280,1385,True,6140,2021-06-10 20:46:19+00:00,2021-06-11 19:51:19+00:00
544,250,25.0,100,301,True,6062,2021-06-14 17:06:53+00:00,2021-06-14 20:02:42+00:00
545,380,76.0,200,558,True,11242,2021-06-14 18:31:53+00:00,2021-06-15 03:49:54+00:00
546,250,25.0,100,301,True,6062,2021-06-15 17:28:10+00:00,2021-06-15 19:40:22+00:00
547,274,65.76,240,778,True,10924,2021-06-15 16:41:33+00:00,2021-06-16 05:39:33+00:00
548,380,76.0,200,558,True,11242,2021-06-15 17:57:23+00:00,2021-06-16 03:15:01+00:00
549,250,25.0,100,301,True,6062,2021-06-16 14:49:03+00:00,2021-06-16 19:31:42+00:00
550,1428,114.24,80,360,True,6620,2021-06-16 15:26:00+00:00,2021-06-16 21:26:00+00:00
551,380,76.0,200,558,True,11242,2021-06-16 17:03:22+00:00,2021-06-17 02:21:22+00:00
552,258,72.24,280,1385,True,6140,2021-06-16 20:52:21+00:00,2021-06-17 19:57:22+00:00
553,250,25.0,100,301,True,6062,2021-06-17 14:51:07+00:00,2021-06-17 19:38:47+00:00
554,380,76.0,200,558,True,11242,2021-06-17 16:26:16+00:00,2021-06-18 01:44:16+00:00
555,274,65.76,240,778,True,10924,2021-06-17 16:40:10+00:00,2021-06-18 05:38:10+00:00
556,1428,114.24,80,360,True,6620,2021-06-17 17:43:29+00:00,2021-06-17 23:43:29+00:00
557,1428,114.24,80,360,True,6620,2021-06-18 15:43:30+00:00,2021-06-18 21:43:31+00:00
558,258,72.24,280,1385,True,6140,2021-06-18 20:40:54+00:00,2021-06-19 19:45:54+00:00
559,1428,114.24,80,360,True,6620,2021-06-21 17:54:08+00:00,2021-06-21 23:54:09+00:00
560,1428,114.24,80,360,True,6620,2021-06-23 16:25:17+00:00,2021-06-23 22:25:18+00:00
561,250,25.0,100,301,True,6062,2021-06-24 15:32:06+00:00,2021-06-24 20:24:53+00:00
562,258,72.24,280,1385,True,6140,2021-06-24 20:48:08+00:00,2021-06-25 19:53:08+00:00
563,1428,114.24,80,360,True,6620,2021-06-25 13:59:15+00:00,2021-06-25 19:59:15+00:00
564,250,25.0,100,301,True,6062,2021-06-25 15:59:41+00:00,2021-06-25 20:53:59+00:00
565,258,72.24,280,1385,True,6140,2021-06-25 20:45:56+00:00,2021-06-26 19:50:56+00:00
566,1428,114.24,80,360,True,6620,2021-06-28 19:36:39+00:00,2021-06-29 01:36:11+00:00
567,1428,114.24,80,360,True,6620,2021-06-30 15:54:16+00:00,2021-06-30 21:54:17+00:00
568,258,72.24,280,1385,True,6140,2021-06-30 20:57:41+00:00,2021-07-01 20:02:41+00:00
569,258,72.24,280,1385,True,6140,2021-07-01 21:00:22+00:00,2021-07-02 20:05:22+00:00
570,1428,114.24,80,360,True,6620,2021-07-02 15:37:18+00:00,2021-07-02 21:37:18+00:00
571,258,72.24,280,1385,True,6140,2021-07-02 20:51:52+00:00,2021-07-03 19:56:53+00:00
572,250,25.0,100,301,True,6062,2021-07-05 15:23:38+00:00,2021-07-05 20:15:33+00:00
573,250,25.0,100,301,True,6062,2021-07-06 14:44:14+00:00,2021-07-06 19:41:00+00:00
574,250,25.0,100,301,True,6062,2021-07-07 14:44:08+00:00,2021-07-07 19:41:00+00:00
575,1428,114.24,80,360,True,6620,2021-07-07 15:36:55+00:00,2021-07-07 21:36:56+00:00
576,250,25.0,100,301,True,6062,2021-07-08 15:11:43+00:00,2021-07-08 20:08:20+00:00
577,1428,114.24,80,360,True,6620,2021-07-08 17:37:35+00:00,2021-07-08 23:37:36+00:00
578,250,25.0,100,301,True,6062,2021-07-12 15:31:52+00:00,2021-07-12 20:28:57+00:00
579,1428,114.24,80,360,True,6620,2021-07-12 19:27:25+00:00,2021-07-13 01:27:25+00:00
580,258,72.24,280,1385,True,6140,2021-07-12 20:51:05+00:00,2021-07-13 19:56:06+00:00
581,250,25.0,100,301,True,6062,2021-07-13 15:31:28+00:00,2021-07-13 20:24:49+00:00
582,1428,114.24,80,360,True,6620,2021-07-13 16:47:33+00:00,2021-07-13 22:47:34+00:00
583,258,72.24,280,1385,True,6140,2021-07-13 20:47:49+00:00,2021-07-14 19:52:49+00:00
584,250,25.0,100,301,True,6062,2021-07-14 14:47:28+00:00,2021-07-14 19:42:03+00:00
585,258,72.24,280,1385,True,6140,2021-07-14 20:58:20+00:00,2021-07-15 20:03:20+00:00
586,250,25.0,100,301,True,6062,2021-07-15 14:44:37+00:00,2021-07-15 19:41:31+00:00
587,1428,114.24,80,360,True,6620,2021-07-15 18:49:10+00:00,2021-07-16 00:49:10+00:00
588,250,25.0,100,301,True,6062,2021-07-16 14:41:45+00:00,2021-07-16 19:37:55+00:00
589,450,45.0,100,480,True,4400,2021-07-16 17:12:36+00:00,2021-07-17 01:10:41+00:00
590,258,72.24,280,1385,True,6140,2021-07-16 20:55:38+00:00,2021-07-17 20:00:38+00:00
591,278,27.8,100,480,True,16885,2021-07-20 13:57:21+00:00,2021-07-20 21:54:00+00:00
592,450,45.0,100,480,True,4400,2021-07-20 17:37:08+00:00,2021-07-21 01:33:33+00:00
593,258,72.24,280,1385,True,6140,2021-07-20 20:43:29+00:00,2021-07-21 19:48:30+00:00
594,400,20.0,50,102,True,722,2021-07-20 23:01:31+00:00,2021-07-21 00:43:32+00:00
595,250,25.0,100,301,True,6062,2021-07-21 15:35:47+00:00,2021-07-21 20:32:09+00:00
596,450,45.0,100,480,True,4400,2021-07-21 16:15:13+00:00,2021-07-22 00:14:49+00:00
597,450,9.0,20,267,True,4400,2021-07-21 16:21:21+00:00,2021-07-21 20:41:49+00:00
598,450,9.0,20,267,True,4400,2021-07-21 16:21:30+00:00,2021-07-21 20:41:49+00:00
599,1428,114.24,80,360,True,6620,2021-07-22 15:11:25+00:00,2021-07-22 21:11:25+00:00
600,450,45.0,100,480,True,4400,2021-07-22 17:18:46+00:00,2021-07-23 00:58:15+00:00
601,450,8.1,18,84,True,4400,2021-07-22 17:20:31+00:00,2021-07-22 18:22:15+00:00
602,450,8.1,18,84,True,4400,2021-07-22 17:20:37+00:00,2021-07-22 18:22:15+00:00
603,258,72.24,280,1385,True,6140,2021-07-22 20:56:22+00:00,2021-07-23 20:01:22+00:00
604,258,72.24,280,1385,True,6140,2021-07-23 22:06:49+00:00,2021-07-24 21:11:50+00:00
605,1428,114.24,80,360,True,6620,2021-07-26 17:29:13+00:00,2021-07-26 23:29:13+00:00
606,1428,114.24,80,360,True,6620,2021-07-27 17:41:07+00:00,2021-07-27 23:41:08+00:00
607,258,38.7,150,480,True,6171,2021-07-27 17:59:56+00:00,2021-07-28 01:56:00+00:00
608,1428,114.24,80,360,True,6620,2021-07-28 17:07:03+00:00,2021-07-28 23:07:03+00:00
609,258,72.24,280,1385,True,6140,2021-07-28 18:56:42+00:00,2021-07-29 18:01:43+00:00
610,258,72.24,280,1385,True,6140,2021-07-30 21:07:40+00:00,2021-07-31 20:12:40+00:00
611,258,38.7,150,480,True,6171,2021-08-03 18:03:19+00:00,2021-08-04 02:03:20+00:00
612,258,72.24,280,1385,True,6140,2021-08-03 21:01:32+00:00,2021-08-04 20:06:31+00:00
613,258,72.24,280,1385,True,6140,2021-08-05 21:00:41+00:00,2021-08-06 20:05:10+00:00
614,258,72.24,280,1385,True,6140,2021-08-06 21:17:13+00:00,2021-08-07 20:22:13+00:00
615,1428,114.24,80,360,True,6620,2021-08-09 15:17:34+00:00,2021-08-09 21:17:34+00:00
616,1428,114.24,80,360,True,6620,2021-08-10 18:43:56+00:00,2021-08-11 00:43:57+00:00
617,250,6.0,24,480,True,18103,2021-08-11 16:37:50+00:00,2021-08-12 00:37:51+00:00
618,1428,114.24,80,360,True,6620,2021-08-11 17:26:07+00:00,2021-08-11 23:26:08+00:00
619,258,72.24,280,1385,True,6140,2021-08-11 21:24:18+00:00,2021-08-12 20:29:19+00:00
620,258,72.24,280,1385,True,6140,2021-08-12 21:12:16+00:00,2021-08-13 20:17:17+00:00
621,258,72.24,280,1385,True,6140,2021-08-13 21:13:12+00:00,2021-08-14 20:18:12+00:00
622,250,6.0,24,480,True,18103,2021-08-16 15:12:21+00:00,2021-08-16 23:12:21+00:00
623,250,6.75,27,480,True,18103,2021-08-16 15:58:35+00:00,2021-08-16 23:12:21+00:00
624,250,6.75,27,480,True,18103,2021-08-16 15:58:40+00:00,2021-08-16 23:12:21+00:00
625,1428,114.24,80,360,True,6620,2021-08-16 15:21:04+00:00,2021-08-16 21:21:05+00:00
626,250,6.75,27,480,True,18103,2021-08-18 15:09:08+00:00,2021-08-18 23:09:08+00:00
627,1428,114.24,80,360,True,6620,2021-08-18 15:49:54+00:00,2021-08-18 21:49:54+00:00
628,347,34.7,100,480,True,18550,2021-08-19 21:04:17+00:00,2021-08-20 05:00:19+00:00
629,258,72.24,280,1385,True,6140,2021-08-19 21:01:03+00:00,2021-08-20 20:06:02+00:00
630,1428,114.24,80,360,True,6620,2021-08-20 16:21:03+00:00,2021-08-20 22:21:03+00:00
631,258,72.24,280,1385,True,6140,2021-08-20 21:08:02+00:00,2021-08-21 20:13:03+00:00
632,1428,114.24,80,360,True,6620,2021-08-23 16:03:14+00:00,2021-08-23 22:03:14+00:00
633,1428,114.24,80,360,True,6620,2021-08-24 19:19:58+00:00,2021-08-25 01:19:59+00:00
634,1428,114.24,80,360,True,6620,2021-08-25 14:48:36+00:00,2021-08-25 20:48:36+00:00
635,258,38.7,150,480,True,6171,2021-08-25 19:05:23+00:00,2021-08-26 03:05:23+00:00
636,250,6.75,27,480,True,18103,2021-08-26 14:36:10+00:00,2021-08-26 22:36:10+00:00
637,258,38.7,150,480,True,6171,2021-08-26 16:45:40+00:00,2021-08-27 00:44:57+00:00
638,258,72.24,280,1385,True,6140,2021-08-26 20:51:37+00:00,2021-08-27 19:56:37+00:00
639,1428,114.24,80,360,True,6620,2021-08-30 17:50:17+00:00,2021-08-30 23:50:17+00:00
640,258,72.24,280,1385,True,6140,2021-08-31 21:16:01+00:00,2021-09-01 20:21:02+00:00
641,1428,114.24,80,360,True,6620,2021-09-01 15:40:32+00:00,2021-09-01 21:40:32+00:00
642,258,72.24,280,1385,True,6140,2021-09-01 22:13:03+00:00,2021-09-02 21:18:03+00:00
643,1428,114.24,80,360,True,6620,2021-09-02 15:20:11+00:00,2021-09-02 21:20:11+00:00
644,1428,114.24,80,360,True,6620,2021-09-03 14:26:17+00:00,2021-09-03 20:26:17+00:00
645,258,72.24,280,1385,True,6140,2021-09-03 22:57:32+00:00,2021-09-04 22:02:33+00:00
646,250,6.75,27,480,True,18103,2021-09-07 15:21:24+00:00,2021-09-07 23:21:24+00:00
647,1428,114.24,80,360,True,6620,2021-09-07 15:46:44+00:00,2021-09-07 21:46:44+00:00
648,250,6.75,27,480,True,18103,2021-09-08 20:59:31+00:00,2021-09-09 04:59:31+00:00
649,258,72.24,280,1385,True,6140,2021-09-08 21:05:45+00:00,2021-09-09 20:10:46+00:00
650,258,72.24,280,1385,True,6140,2021-09-09 21:11:43+00:00,2021-09-10 20:16:44+00:00
651,1428,114.24,80,360,True,6620,2021-09-10 15:33:07+00:00,2021-09-10 21:33:08+00:00
652,258,72.24,280,1385,True,6140,2021-09-10 21:12:26+00:00,2021-09-11 20:17:26+00:00
653,1428,114.24,80,360,True,6620,2021-09-13 17:35:32+00:00,2021-09-13 23:35:32+00:00
654,258,72.24,280,1385,True,6140,2021-09-13 21:21:51+00:00,2021-09-14 20:26:51+00:00
